k12_site,k21_base,k12_pop,k21_pop,k12_pop_actual_hazard,k12_map_error,R01_pop,k10_pop,A_hat,m_hat,total_n1,total_n2
7.696261850370451,0.558007176109161,20.21899299673593,0.8819605921956509,24.9480584122289,0.2101735900056616,2.2680000000000002,0.29999999999999993,567.0,2.6271186440677967,118.0,3127.0
1.514817816317623,0.018307999810970293,3.5932887735906407,0.032417610077377756,4.033845634472656,0.11565229661469155,2.2132222222222224,0.30000000000000004,553.3055555555555,2.372093023255814,43.0,3904.0
7.881422988314154,0.01551833043042385,16.59246944908243,0.026498239207122114,12.466741080597677,0.2858845600211762,2.1921851851851852,0.3,548.0462962962963,2.1052631578947367,19.0,4200.0
5.08320855020976,0.14076066521152042,12.663431826838352,0.236559543393845,15.14280681965424,0.17880716546984396,2.2118148148148147,0.3,552.9537037037037,2.491228070175439,57.0,3916.0
6.899393119356938,0.07785442415816766,16.703793867916797,0.13362553809486907,18.65144313984331,0.11028765190726375,2.2303703703703706,0.3,557.5925925925926,2.4210526315789473,38.0,3675.0
1.3977430710199126,0.109606644285765,3.7384080550294483,0.18544022794869536,4.792414137907992,0.24837441277296277,2.2751851851851854,0.30000000000000004,568.7962962962963,2.6746031746031744,126.0,3026.0
1.2136450576077202,0.23696256740459304,3.3530472754371434,0.4041909127878122,4.503043257683953,0.29488388085855705,2.331148148148148,0.3,582.7870370370371,2.7627906976744185,215.0,2226.0
4.802663126693591,0.021794473000993148,9.605326253387181,0.038288556193569225,8.586986581699694,0.11206989362078475,2.2023333333333337,0.3,550.5833333333334,2.0,15.0,4065.0
6.823718833406633,0.4896334938543837,18.19658355575102,0.7879563670901255,22.709889721802732,0.221566640429705,2.2816666666666667,0.3,570.4166666666666,2.6666666666666665,111.0,2946.0
0.4886698893695257,0.08160366206033884,1.3233935630565266,0.13994243738545292,1.7086651344969104,0.25551312392847186,2.3255185185185185,0.3,581.3796296296297,2.708154506437768,233.0,2293.0
0.35271973676831186,0.2878553460692588,1.031106959107366,0.47623014356613863,1.4303141662788859,0.3272611741145393,2.420703703703704,0.29999999999999993,605.175925925926,2.9233038348082596,339.0,955.0
1.3897152935606112,0.059782103677444826,3.6699277655192843,0.1026331569085918,4.546356104453069,0.2141540764891184,2.2586296296296298,0.30000000000000004,564.6574074074074,2.6407766990291264,103.0,3261.0
2.113981780862394,0.048105783695231434,5.2389983264850635,0.08288243444394681,6.116496173697054,0.1548590909419861,2.2108518518518516,0.3,552.7129629629629,2.4782608695652173,69.0,3923.0
8.3482520080605,0.13107952710026358,21.1489050870866,0.22131576356595434,24.033055659963196,0.12784206665891346,2.235740740740741,0.3,558.9351851851852,2.533333333333333,45.0,3599.0
0.40951240585255416,0.36741443054448747,1.1825983258754849,0.6118157970848097,1.6482486804680492,0.3319993296723462,2.429555555555556,0.30000000000000004,607.3888888888889,2.8878205128205128,312.0,849.0
1.4103730311469282,0.2786219413882126,4.020222191587038,0.46985115045403697,5.361553821371538,0.2879166524764801,2.333555555555556,0.29999999999999993,583.3888888888889,2.850467289719626,214.0,2194.0
2.007187611668163,0.050761377343358345,5.156395761009591,0.08838116248284035,6.37929191508685,0.21281926659813288,2.23,0.3,557.5,2.5689655172413794,58.0,3670.0
1.2022374218661842,0.1360807178997896,3.21264555509797,0.22709390003866145,4.117264438513924,0.24809421342559937,2.2897777777777777,0.30000000000000004,572.4444444444445,2.672222222222222,180.0,2802.0
1.3106159097795285,0.07824732902866761,3.3701551965759307,0.13218198213147045,4.162894690684928,0.21125187569603238,2.2613703703703707,0.3,565.3425925925926,2.5714285714285716,119.0,3216.0
0.871324851449243,0.10734858266543101,2.329370959653253,0.18262720369794583,2.9639969233112464,0.24094041268393865,2.292851851851852,0.3,573.2129629629629,2.6733668341708543,199.0,2751.0
2.534904203813669,0.2574293993832888,6.813564165664766,0.43124031026878357,8.63450207654366,0.23685069094215597,2.281296296296296,0.3,570.324074074074,2.6878980891719744,157.0,2928.0
0.9751074181723517,0.024872921228893313,2.4558260902118487,0.04284305282250523,2.880938755832184,0.15965300031821641,2.251,0.3,562.75,2.5185185185185186,81.0,3375.0
0.5015843911799268,0.4302560843717375,1.4474292431192173,0.7009668213325441,1.9757950025797255,0.3111818031682952,2.4116666666666666,0.30000000000000004,602.9166666666666,2.8857142857142857,385.0,1054.0
11.635679813417937,0.029897472438599384,23.271359626835874,0.05131686399131575,24.837723782767938,0.06514021379224609,2.2055925925925925,0.29999999999999993,551.3981481481482,2.0,17.0,4020.0
7.390848943703724,0.3444554696156859,18.897056958333383,0.5594416228547285,22.6441171634606,0.18089389686115276,2.2511111111111113,0.30000000000000004,562.7777777777778,2.5568181818181817,88.0,3370.0
3.219814471678636,0.016796682533424073,6.439628943357272,0.0289936913411423,5.426561444219343,0.17116523913277626,2.237296296296296,0.30000000000000004,559.324074074074,2.0,31.0,3585.0
1.9357545205911753,0.048491548811639015,4.977654481520165,0.0837249014973852,5.749069941240255,0.14407929993641314,2.25,0.3,562.5,2.5714285714285716,70.0,3394.0
9.454932249653819,0.01172324452552052,18.27953568266405,0.020430271879368595,12.975276123901713,0.34273645536043423,2.1821851851851854,0.3,545.5462962962963,1.9333333333333333,15.0,4337.0
0.674814912505006,0.14886842084183052,1.8588767664171355,0.24863140622346547,2.4439785607358475,0.2736548527802185,2.3315925925925924,0.29999999999999993,582.8981481481482,2.7546468401486988,269.0,2193.0
5.047993596014498,0.02363681362014758,11.662605894240391,0.04093621011453019,13.411305836569845,0.13971042434871153,2.225814814814815,0.30000000000000004,556.4537037037037,2.310344827586207,29.0,3741.0
0.7126551845658716,0.028509205590711694,1.809047776205674,0.04981601204173808,2.294304852595473,0.23762928480807283,2.2665925925925925,0.30000000000000004,566.6481481481482,2.5384615384615383,104.0,3153.0
2.5686614233432468,0.08961412719107614,6.452978697667181,0.1524569079312256,7.378769933634618,0.13406511126476936,2.2555555555555555,0.30000000000000004,563.8888888888889,2.5121951219512195,82.0,3313.0
5.308248801836177,0.023859902378796483,12.045641511859017,0.04155732853452615,12.039433305381854,0.0005155231330410295,2.218814814814815,0.29999999999999993,554.7037037037037,2.269230769230769,26.0,3837.0
3.6591089876426492,0.19172342551461194,9.47516643115886,0.32539511031320234,11.975549310212068,0.2341926975533412,2.2464814814814815,0.3,561.6203703703703,2.5894736842105264,95.0,3429.0
1.1565827051848045,0.07942454223943717,3.0754585569686848,0.13563473402571166,3.8461729833720715,0.22362460927294045,2.2688888888888887,0.2999999999999999,567.2222222222222,2.659090909090909,132.0,3108.0
0.42265220318101904,0.012984753398910863,1.1019146725790854,0.022887910576239942,1.3047395418405312,0.16895415792709245,2.2914814814814815,0.3000000000000001,572.8703703703703,2.607142857142857,84.0,2827.0
1.4439013986362612,0.16474704376345245,3.8533031300955645,0.27409558748299484,4.922886599390696,0.24496432931716344,2.2885185185185186,0.3,572.1296296296297,2.6686746987951806,166.0,2826.0
11.492052811166785,0.05742929813799062,21.48514221218138,0.09830290994284213,16.325970935975636,0.27460448754488964,2.1801111111111116,0.3,545.0277777777778,1.8695652173913044,23.0,4361.0
3.28921399853373,0.020381694131992277,7.843510304195818,0.03557967992235097,8.725221053597267,0.10653132638589363,2.206148148148148,0.29999999999999993,551.5370370370371,2.3846153846153846,26.0,4008.0
1.1819504372391423,0.01498081068556787,3.109043541433396,0.02635251809579454,3.8802821940668037,0.22159274547739014,2.235777777777778,0.3,558.9444444444445,2.630434782608696,46.0,3598.0
1.1307826837198083,0.040288861563059226,2.9281320020533985,0.0701278899585373,3.5860830016421614,0.20269584318772066,2.263888888888889,0.3,565.9722222222222,2.5894736842105264,95.0,3194.0
7.105211763164385,0.0569085528444706,15.755034779190593,0.09704831047950749,15.829092156556769,0.004689539985572143,2.2185555555555556,0.29999999999999993,554.6388888888889,2.217391304347826,23.0,3842.0
3.902289525710211,0.31502884940608306,10.011391059063437,0.5236599161502068,12.322358066949919,0.20769179071705618,2.252851851851852,0.3,563.2129629629629,2.56551724137931,145.0,3318.0
1.851769433475582,0.015956013644340523,4.755680590516836,0.02768294827529506,5.311326936720974,0.11050188065235685,2.228814814814815,0.30000000000000004,557.2037037037037,2.5681818181818183,44.0,3693.0
1.7655571201764024,0.01826850266501089,4.109985427295888,0.03272946299819844,4.818579483958392,0.15905968892267636,2.233296296296296,0.30000000000000004,558.324074074074,2.3278688524590163,61.0,3624.0
0.4060848551600428,0.02634305009967654,1.0563514532921374,0.04598072420137183,1.2654221286242162,0.18058481950089184,2.287296296296296,0.3,571.824074074074,2.6013071895424837,153.0,2849.0
1.0362686743515908,0.6565915599983917,2.9848669125010936,0.9994264410646538,4.190079706821622,0.33916459643705843,2.406703703703704,0.29999999999999993,601.675925925926,2.8803986710963456,301.0,1163.0
6.5760701138267175,0.47496769144105155,17.233838918994156,0.7686162200273406,20.684739020915806,0.182521352930758,2.2458518518518518,0.3,561.4629629629629,2.6206896551724137,116.0,3427.0
1.1959219786708573,0.015415126807898853,3.109397144544229,0.027367941243971423,3.813199294782296,0.20403968349315907,2.2186296296296297,0.29999999999999993,554.6574074074074,2.6,65.0,3820.0
6.148381081423759,0.016870044779021275,12.050826919590568,0.029715982506744863,10.274501142717646,0.15946807299796503,2.204851851851852,0.29999999999999993,551.2129629629629,1.96,25.0,4026.0
0.9344577773420034,0.056644260765640886,2.486982116075568,0.09787302448955039,2.999773889516219,0.18746694183374282,2.266777777777778,0.3,566.6944444444445,2.661417322834646,127.0,3139.0
0.5159370987049798,0.012772543808642529,1.408508279464595,0.022394748390917523,1.793350787543626,0.24155463175809938,2.270518518518519,0.30000000000000004,567.6296296296297,2.73,100.0,3102.0
0.4137584549946112,0.45736507944544047,1.206004152426916,0.7595493849660377,1.6827532133853824,0.3331187280712881,2.442925925925926,0.3,610.7314814814815,2.914754098360656,305.0,672.0
1.1547891416059688,0.029497738043072482,2.952751982334249,0.050799722873821555,3.598769265728193,0.1978543055184512,2.232925925925926,0.3,558.2314814814815,2.5569620253164556,79.0,3620.0
0.6932428863226828,0.1906236703342533,1.9708284354460945,0.3204966480122192,2.64417105141154,0.29390363411577836,2.3592222222222223,0.29999999999999993,589.8055555555555,2.842911877394636,261.0,1824.0
4.920484920715466,0.0268214965943134,11.41552501605988,0.04708245842468739,11.466590659317662,0.00446337469475905,2.198777777777778,0.29999999999999993,549.6944444444445,2.32,25.0,4108.0
0.6107021543105604,0.04295997400460227,1.6400617603182974,0.07422359336505661,2.094482764628152,0.24457273264165663,2.2801851851851853,0.30000000000000004,570.0462962962963,2.6855345911949686,159.0,2942.0
1.4928413100474842,0.2005392959230878,4.115680556172578,0.3381106091600816,5.336527329272701,0.25977092385605294,2.3141481481481483,0.30000000000000004,578.5370370370371,2.7569444444444446,144.0,2491.0
2.7808021233422084,0.4776190983563301,7.39139612005245,0.7710281321254204,9.294779168631147,0.2291362255231172,2.2975925925925926,0.3,574.3981481481482,2.658008658008658,231.0,2671.0
7.244196323037934,0.3023359728679561,17.788526526570926,0.4952192212706255,19.443489975515092,0.08895863609904718,2.243259259259259,0.30000000000000004,560.8148148148148,2.4555555555555557,90.0,3475.0
0.438943619565503,0.03963885222962329,1.1670117789645709,0.06734082765200773,1.4681500000034684,0.22955665818618742,2.304259259259259,0.3,576.0648148148148,2.658682634730539,167.0,2613.0
1.4588977327886883,0.27412450721641834,4.063030185816497,0.44927972361435015,5.291386354538317,0.2641512359184195,2.3205925925925928,0.3,580.1481481481482,2.785,200.0,2376.0
1.3343145099360403,0.3971860236430997,3.7554497094167583,0.634534361929399,4.9654544570104315,0.2792967845628327,2.3543703703703707,0.30000000000000004,588.5925925925926,2.814516129032258,248.0,1896.0
1.7524006388765534,0.03317869234996476,4.232212863701864,0.05725512500989366,5.222607065233903,0.210271723103914,2.232555555555556,0.3,558.1388888888889,2.4150943396226414,53.0,3638.0
7.154484701176841,0.013422475836284302,11.056930901818754,0.02369031196494338,11.276288016937608,0.019644653129252558,2.1778518518518517,0.3,544.4629629629629,1.5454545454545454,22.0,4392.0
11.12450606037954,0.1772209844751942,25.634731356526768,0.29673830799001355,26.382837245479003,0.02876556878229767,2.196222222222222,0.3,549.0555555555555,2.3043478260869565,46.0,4132.0
0.6452843308463723,0.2674314701288734,1.8072554034736477,0.43644443912131,2.4158499032355736,0.29024180921744075,2.3743333333333334,0.29999999999999993,593.5833333333334,2.800711743772242,281.0,1610.0
5.864578095843071,0.04688588396427799,13.242595700290806,0.08100905006087915,14.12666271053864,0.06462540296068328,2.2282592592592594,0.29999999999999993,557.0648148148148,2.2580645161290325,31.0,3707.0
11.778784080821563,0.06794099109425934,25.699165267247043,0.11585659819727886,27.63687166383443,0.07269229951181436,2.21,0.29999999999999993,552.5,2.1818181818181817,22.0,3958.0
10.53012949414355,0.17710749744184576,27.33352762309602,0.29568556202601376,31.595361826064302,0.14489626543084902,2.2264814814814815,0.3,556.6203703703703,2.595744680851064,47.0,3723.0
1.0510059072103193,0.5847043170066228,3.0549646923868465,0.9256965323146424,4.217813379830055,0.3225488020835157,2.3884814814814814,0.3,597.1203703703703,2.9067055393586005,343.0,1388.0
2.555440842767043,0.1851962856472518,6.681657249436765,0.3074198837089916,8.364882866588266,0.22467628352991234,2.289296296296296,0.29999999999999993,572.324074074074,2.614678899082569,109.0,2844.0
4.363337572153857,0.05130855971004342,9.629434641994719,0.08808843797907608,9.662124087158704,0.0033889927620875003,2.2184814814814815,0.3,554.6203703703703,2.206896551724138,29.0,3840.0
0.47269358618799456,0.5488176795790799,1.3780219800734756,0.8519801183566433,1.916785942286342,0.33000067179229087,2.4336296296296296,0.3,608.4074074074074,2.9152542372881354,354.0,773.0
0.7067710566621425,0.050587893482798046,1.9300286547312353,0.08764338110325043,2.540617893449408,0.2748724667662604,2.2755555555555556,0.30000000000000004,568.8888888888889,2.730769230769231,130.0,3019.0
0.4322285987575384,0.09395563325788887,1.1805913379286483,0.15742406352445884,1.5644752922684149,0.28153504447879335,2.3368148148148147,0.29999999999999993,584.2037037037037,2.731404958677686,242.0,2136.0
1.730944346819232,0.049249564530397145,4.406040155539864,0.08658158888845147,5.589297840023988,0.2378773070940825,2.223777777777778,0.3,555.9444444444445,2.5454545454545454,66.0,3750.0
0.6499867936186793,0.08821391086330416,1.7502248557336313,0.14773289327354489,2.2417023478769087,0.24749128528955833,2.3017777777777777,0.29999999999999993,575.4444444444445,2.6927083333333335,192.0,2634.0
0.7570538707439454,0.31024168327662327,2.154691785963537,0.49567485814111273,2.9381767775606003,0.310141554722846,2.3804814814814814,0.30000000000000004,595.1203703703703,2.8461538461538463,273.0,1531.0
0.7689134870974955,0.027796994326213083,1.8992163131308142,0.047992666756250885,2.2352653085789527,0.1629185930084832,2.2372592592592593,0.29999999999999993,559.3148148148148,2.47,100.0,3551.0
3.3832217193463805,0.102244175005216,8.836773147546516,0.17198488591928315,10.447231442653768,0.1674152281400159,2.2378888888888886,0.30000000000000004,559.4722222222222,2.611940298507463,67.0,3559.0
8.14831390345746,0.0297367812075376,17.848687598049676,0.051524467022652565,17.944257104815524,0.005340143688827644,2.185296296296296,0.29999999999999993,546.324074074074,2.1904761904761907,21.0,4292.0
1.490588846637065,0.1132675435722903,3.8196339195074787,0.19173918723625663,4.64351627718633,0.19531731216135786,2.2866666666666666,0.3,571.6666666666666,2.5625,144.0,2862.0
6.528364021928237,0.5859760398288306,17.361663739475816,0.951101672326775,21.71679768061586,0.22382150559269068,2.2794074074074073,0.3,569.8518518518518,2.6594202898550723,138.0,2963.0
0.5943032933536627,0.015992001257080543,1.4581874620430075,0.02792823265954912,1.6950645338991928,0.1505266130936411,2.2658888888888886,0.3,566.4722222222222,2.4536082474226806,97.0,3166.0
0.4018349100661563,0.05802129310910541,1.1279090234270732,0.09945046332593577,1.5091150872629864,0.29115794728301697,2.340925925925926,0.29999999999999993,585.2314814814815,2.806896551724138,145.0,2129.0
6.350796275262497,0.027502905372578716,13.172021904248142,0.047526623865341414,13.046810888904119,0.009551299878166738,2.215962962962963,0.3,553.9907407407408,2.074074074074074,27.0,3875.0
1.3434997536499862,0.01822904223207461,3.290203478326497,0.03129786021277975,4.228309798473867,0.2508529279975655,2.2344074074074074,0.30000000000000004,558.6018518518518,2.4489795918367347,49.0,3615.0
0.9340141829909547,0.031456625355375564,2.3568582187622225,0.0546902600070814,2.7802557801091097,0.16521346182059746,2.2615925925925926,0.29999999999999993,565.3981481481482,2.5233644859813085,107.0,3219.0
0.7349995182698825,0.11486662724188904,1.9798635672314853,0.1895473554309328,2.50392659504383,0.23483220083610284,2.2918518518518516,0.3,572.9629629629629,2.6936936936936937,222.0,2753.0
5.042688678634482,0.25599228844251176,12.953695688235367,0.4236283934122753,15.808275166078932,0.19915241885212526,2.240703703703704,0.30000000000000004,560.175925925926,2.5688073394495414,109.0,3500.0
0.4713022383217379,0.02861321322658466,1.2578066105529184,0.04937205966965276,1.6033693813627004,0.24273785961466474,2.254037037037037,0.3,563.5092592592592,2.6687898089171975,157.0,3296.0
0.4081816041442495,0.06374388413940173,1.123645988936417,0.10789713260260993,1.5129898670400623,0.2975089921200853,2.343703703703704,0.30000000000000004,585.925925925926,2.752808988764045,178.0,2075.0
9.360032356434292,0.25199061977006004,22.67500796206617,0.4200612781039744,24.33406253945314,0.07061377226638638,2.2052222222222224,0.30000000000000004,551.3055555555555,2.4225352112676055,71.0,3998.0
3.0515112892257292,0.043218227297622806,6.98457028422778,0.07499200569599149,7.796597742992784,0.10998398072170543,2.203740740740741,0.30000000000000004,550.9351851851852,2.2888888888888888,45.0,4031.0
0.5721956173957781,0.06367137302774994,1.4923932477106259,0.10912441700303233,1.8653935500399503,0.2230910117181228,2.2924814814814813,0.30000000000000004,573.1203703703703,2.608187134502924,171.0,2770.0
1.6487614803576938,0.31471887318306996,4.60706557190858,0.5255872988086981,6.055674160562607,0.2734045913329723,2.3131481481481484,0.3,578.2870370370371,2.7942583732057416,209.0,2472.0
9.940237741411847,0.1747600909844437,25.844618127670802,0.29294311668842965,31.813664120833014,0.20779350377351327,2.2098888888888886,0.30000000000000004,552.4722222222222,2.6,45.0,3948.0
0.6855378366540149,0.016827195008237,1.753701442603294,0.029501584950704707,2.1700887940041835,0.21303942131286224,2.2775555555555558,0.3,569.3888888888889,2.558139534883721,86.0,3014.0
0.8241073165771147,0.10567929229780341,2.1991627830007277,0.17807367180929687,2.845892450540159,0.2577999745088292,2.3064444444444443,0.3,576.6111111111111,2.668539325842697,178.0,2578.0
10.226452999527973,0.32483726363520865,24.363020381228406,0.5342978172571787,28.11537166735699,0.1432500366635869,2.2342222222222223,0.3,558.5555555555555,2.3823529411764706,68.0,3608.0
11.815309916926251,0.19980332102735426,27.56905647282792,0.3366314247984369,29.12993289337822,0.055072265790049695,2.211925925925926,0.30000000000000004,552.9814814814815,2.3333333333333335,48.0,3919.0
14.98308956279,0.07597320357251408,29.96617912558,0.1301599475692563,28.926734205348048,0.03530315670682733,2.2115925925925928,0.29999999999999993,552.8981481481482,2.0,23.0,3936.0
2.7005621824137855,0.02513341375941369,6.2412992660229705,0.04383903143876981,6.689206532951717,0.06930688574979894,2.2290740740740738,0.3,557.2685185185185,2.311111111111111,45.0,3689.0
0.8512085737962399,0.6479521592467403,2.401304187130445,0.9695113441703203,3.2484385377235716,0.3021624298935917,2.406074074074074,0.3,601.5185185185185,2.8210526315789473,380.0,1132.0
0.5880852891560786,0.13771600418788799,1.6184107157575283,0.22756927797395582,2.121820200998922,0.2708296776331039,2.3344444444444443,0.30000000000000004,583.6111111111111,2.752,250.0,2164.0
0.9207222564847799,0.04277215368495871,2.42086455368843,0.07325352159534206,3.0012937393473225,0.2149187121982058,2.2448888888888887,0.3,561.2222222222222,2.6293103448275863,116.0,3440.0
10.896404753298253,0.02894438813640683,24.356669448549034,0.050157573653236726,24.143834845159052,0.008776649756575706,2.1984814814814815,0.3,549.6203703703703,2.235294117647059,17.0,4116.0
0.474802551628659,0.04320774997418281,1.2633635145674844,0.07319735536370428,1.6129518473219993,0.2442883255284591,2.289518518518519,0.30000000000000004,572.3796296296297,2.6608187134502925,171.0,2810.0
3.8907572489000226,0.04685171123315811,9.229238125297728,0.0807912936451313,10.752050490542675,0.15271997788758912,2.2243333333333335,0.3,556.0833333333334,2.372093023255814,43.0,3754.0
1.5894973806468753,0.21537834294016234,4.220998599717813,0.3544176762883818,5.484361366654143,0.2618289191923732,2.305851851851852,0.3,576.4629629629629,2.6555555555555554,180.0,2585.0
4.661358023182381,0.6115162068026907,12.27561253163867,0.988368633989108,15.232595224339585,0.21582298133361297,2.2655925925925926,0.3,566.3981481481482,2.6334841628959276,221.0,3108.0
9.88679446438632,0.21196528735030587,24.620056803471815,0.3484967410484823,27.92250759665651,0.1258716595329111,2.232703703703704,0.3,558.175925925926,2.4901960784313726,51.0,3637.0
3.9477140677279694,0.14856250993839476,10.220793956172415,0.2502024592778457,12.59644568692371,0.20899041755159245,2.244555555555556,0.3,561.1388888888889,2.589041095890411,73.0,3466.0
9.185048687233715,0.5299510303781182,23.931686487838302,0.8536442642535023,28.086349465107062,0.16008029883023409,2.2524814814814813,0.30000000000000004,563.1203703703703,2.6055045871559632,109.0,3341.0
0.42713938454461425,0.4614170639753643,1.25456939231961,0.7508836648021353,1.762712547642767,0.340061442823386,2.4308888888888887,0.3000000000000001,607.7222222222222,2.9371428571428573,350.0,812.0
0.6129013785018185,0.4353901119418838,1.7441518567283154,0.6651293965664778,2.349853687238901,0.2980846699601918,2.4015185185185186,0.29999999999999993,600.3796296296297,2.8457300275482096,363.0,1202.0
8.467887237762394,0.1685201315617048,19.9348178722323,0.2823899889885636,22.899207614775765,0.1386344632757374,2.2098518518518517,0.3,552.4629629629629,2.3541666666666665,48.0,3947.0
5.17345446222587,0.05523058998243004,12.071393745193696,0.09436932671459329,12.380856646240826,0.025312960553086034,2.1955555555555555,0.3,548.8888888888889,2.3333333333333335,42.0,4143.0
3.3268634032001416,0.5866649697049543,9.10124305456955,0.9223899114331744,11.513381182280714,0.23509893640411336,2.304555555555556,0.29999999999999993,576.1388888888889,2.73568281938326,227.0,2579.0
0.8894341551977712,0.026693230540739386,2.210109112915674,0.0460199121208206,2.604805327884702,0.16431605556335396,2.2362592592592594,0.3,559.0648148148148,2.484848484848485,99.0,3565.0
1.2616311253109567,0.5789536342092021,3.5825563086660184,0.9316795715954673,4.7806365417463486,0.288497107068413,2.3725185185185187,0.3,593.1296296296297,2.839622641509434,318.0,1616.0
0.6152107415665425,0.2541102463467887,1.7339916654192127,0.4254880259812391,2.356658457387561,0.30681863602262865,2.384259259259259,0.3,596.0648148148148,2.8185328185328187,259.0,1487.0
1.1954148537099385,0.4232389834853015,3.410315582659296,0.695026988969857,4.575362360084747,0.29388106673340664,2.372925925925926,0.29999999999999993,593.2314814814815,2.852830188679245,265.0,1637.0
2.843267819443712,0.03679318409155105,6.714951658686214,0.06363807345554662,7.55159036945679,0.11742155509456163,2.207074074074074,0.3,551.7685185185185,2.3617021276595747,47.0,3985.0
1.979869210414169,0.024086544964085976,4.596124952747179,0.041483775657974446,5.086753042283966,0.10142617093505248,2.1968888888888887,0.3,549.2222222222222,2.3214285714285716,56.0,4118.0
4.529320770597397,0.10800132066201965,12.132109206957312,0.18246759640881524,14.9958416089953,0.21191734525257216,2.2491111111111115,0.3,562.2777777777778,2.6785714285714284,56.0,3413.0
0.6611290140809596,0.014664881724209993,1.637447441851679,0.026039850430566155,1.9576370067320281,0.17859954566825503,2.2502222222222223,0.30000000000000004,562.5555555555555,2.4767441860465116,86.0,3383.0
6.978036254802635,0.5010833908725044,18.25504127372475,0.8111357169033311,22.637378756522377,0.21516119126692876,2.258888888888889,0.3000000000000001,564.7222222222222,2.6160714285714284,112.0,3253.0
0.717124402942933,0.011570487536694176,1.8516794284944391,0.020251096743647945,2.2171270574604898,0.18011921305303258,2.2407777777777778,0.30000000000000004,560.1944444444445,2.582089552238806,67.0,3520.0
10.501722507887063,0.0386352073114035,22.17030307220602,0.06605191069135387,16.290618138041573,0.30816432615649925,2.206962962962963,0.29999999999999993,551.7407407407408,2.111111111111111,18.0,4001.0
1.1798476146088073,0.026377915655984165,2.861758043944767,0.04461307535307195,3.2934015304208804,0.1404847938342693,2.228,0.30000000000000004,557.0,2.425531914893617,94.0,3679.0
1.356715391987046,0.017635440009649433,3.3033070413597647,0.03008139075585523,3.7846058263358677,0.1360176400548598,2.233481481481481,0.3,558.3703703703703,2.4347826086956523,46.0,3629.0
0.630491181894483,0.04664991190166449,1.685878595065683,0.07996356024443009,2.183312074271575,0.25855617464140784,2.2874814814814814,0.3,571.8703703703703,2.6739130434782608,138.0,2854.0
2.7853648927672534,0.23988469583983377,7.5115001624304,0.4098960764113256,9.65316681128122,0.250850827343468,2.273296296296296,0.29999999999999993,568.324074074074,2.696774193548387,155.0,3037.0
0.9538376165117565,0.016232747874479307,2.241518398802628,0.028702391937956644,2.434167571755679,0.08245134560438709,2.223259259259259,0.3,555.8148148148148,2.35,60.0,3760.0
2.6977207358351825,0.012315643783713888,6.216486913011507,0.021595675269765014,6.099805517525055,0.01894805390852747,2.230777777777778,0.29999999999999993,557.6944444444445,2.3043478260869565,23.0,3677.0
2.655021230585475,0.15049835018955018,6.8857867687541985,0.2550813497811246,8.231612936601332,0.17852257953460857,2.246259259259259,0.29999999999999993,561.5648148148148,2.5934959349593494,123.0,3418.0
2.9520018110549864,0.03227694651389969,6.861409614884562,0.05571957865647487,7.282493730004345,0.05956044503527178,2.235888888888889,0.30000000000000004,558.9722222222222,2.324324324324324,37.0,3601.0
0.8164810010231022,0.020360034705564755,2.0412025025577556,0.03592151167889192,2.407327344258078,0.16497805010805536,2.2132592592592593,0.30000000000000004,553.3148148148148,2.5,102.0,3874.0
6.551765210827696,0.2223606270193798,16.561406505147787,0.3699117073246463,20.194894699050707,0.19835475555668322,2.235777777777778,0.30000000000000004,558.9444444444445,2.5277777777777777,72.0,3585.0
10.979823276297907,0.04858265824820103,23.136056189342018,0.08415250440107507,18.442773486829736,0.22671966179865066,2.171111111111111,0.3,542.7777777777778,2.107142857142857,28.0,4480.0
5.545769001262738,0.15168723182626148,14.386850017768554,0.2576228846698207,17.776805320583275,0.2115799395277779,2.208703703703704,0.3,552.175925925926,2.5942028985507246,69.0,3952.0
1.3674149719937392,0.015783179033754383,3.190634934652058,0.027642296190116062,3.8313179272086284,0.18298891425535896,2.233814814814815,0.30000000000000004,558.4537037037037,2.3333333333333335,45.0,3625.0
7.249140192099275,0.25125314160451595,19.10361650623809,0.42036487698725716,23.52352512198532,0.20812332643006973,2.249296296296296,0.30000000000000004,562.324074074074,2.635294117647059,85.0,3396.0
14.670897076422904,0.023208143743449094,21.339486656615133,0.04026182891426942,21.780527968458376,0.020457168056623114,2.2113703703703704,0.3,552.8425925925926,1.4545454545454546,11.0,3945.0
1.5940820147887202,0.12377584990677029,4.118045204870861,0.20943769771967374,4.9868079752072925,0.19141743482070964,2.269703703703704,0.30000000000000004,567.425925925926,2.5833333333333335,144.0,3091.0
1.4279274641400896,0.3649286534714955,3.981088091266148,0.5955209433560062,5.275707724796612,0.2815576645033811,2.3603333333333336,0.3,590.0833333333334,2.7880184331797233,217.0,1831.0
2.2175094210766315,0.3506596783321913,6.09561950451202,0.577226038824473,7.9382263551251535,0.26411947014172843,2.311148148148148,0.3,577.7870370370371,2.7488584474885847,219.0,2494.0
3.262301763739205,0.18839432437933454,8.689585607050791,0.3191697381975504,10.984003937486456,0.23431477498523864,2.248222222222222,0.3,562.0555555555555,2.6636363636363636,110.0,3398.0
4.953294255052477,0.1070032527529123,12.338205689857986,0.1816426575441808,14.338251549028337,0.150230297600424,2.205518518518519,0.3,551.3796296296297,2.4909090909090907,55.0,4002.0
0.6726991203789635,0.04081158420222238,1.762766308146335,0.0702835195862245,2.207366647584042,0.2249159017649149,2.2714444444444446,0.3,567.8611111111111,2.6204379562043796,137.0,3071.0
1.1737244420860906,0.3502147524848068,3.278632482137161,0.5670546434375374,4.417682335058055,0.2981887907009439,2.3524074074074073,0.3,588.1018518518518,2.793357933579336,271.0,1911.0
4.239837287239563,0.038424860603558895,9.443273957942663,0.06538375926741301,10.29881865216031,0.08672645708394933,2.224,0.29999999999999993,556.0,2.227272727272727,44.0,3758.0
1.2688554984362734,0.4241270312627261,3.5921120448688866,0.6783765755086875,4.839413391345245,0.29805317040223633,2.3546666666666667,0.29999999999999993,588.6666666666666,2.8309859154929575,284.0,1874.0
6.493889999187764,0.12679716857135526,15.873953331347868,0.21688045030489872,18.48584212994811,0.15232553810556052,2.2333333333333334,0.30000000000000004,558.3333333333334,2.4444444444444446,36.0,3636.0
4.4407051558367465,0.03184428095009854,11.101762889591866,0.05608653505090359,13.148876380674741,0.16923239404645077,2.213703703703704,0.29999999999999993,553.425925925926,2.5,28.0,3905.0
0.6373447555663375,0.17991975632713617,1.7773109850345834,0.29516954374771587,2.3761809315234963,0.29039300872452756,2.3516296296296297,0.3,587.9074074074074,2.7886178861788617,246.0,1934.0
0.9541974510724276,0.046922885019797474,2.4621702085708175,0.08071196377932656,3.0506473468548494,0.21431065332718927,2.2505925925925925,0.3,562.6481481481482,2.580357142857143,112.0,3365.0
0.4524821155770103,0.08365662261159802,1.243342161063785,0.14350562198766306,1.6305833840156445,0.27113481007656903,2.333851851851852,0.3,583.4629629629629,2.747826086956522,230.0,2182.0
2.5721580454259922,0.286504316838932,7.010967929532561,0.47225004467673287,8.852854983613277,0.23326423410784053,2.276703703703704,0.3,569.175925925926,2.7257142857142855,175.0,2981.0
0.6899197804161077,0.1613262320146336,1.9222955713883918,0.26910857893208984,2.548269295853869,0.28189433927059115,2.3283703703703704,0.3,582.0925925925926,2.786259541984733,262.0,2240.0
1.6650809905242994,0.10256284299024941,4.332791394697639,0.1723919120769244,5.220226572396087,0.18632880741582714,2.273296296296296,0.3,568.324074074074,2.6021505376344085,93.0,3068.0
0.559490495677083,0.0401577855102814,1.4818937453068683,0.06977378492760045,1.8969462915108484,0.24692455074294858,2.2798518518518516,0.3,569.9629629629629,2.6486486486486487,148.0,2952.0
0.7438804430131736,0.01988973083500688,1.9409294317700045,0.03503325375799616,2.3535506768561874,0.19275816728693462,2.245296296296296,0.30000000000000004,561.324074074074,2.6091954022988504,87.0,3449.0
1.10538547922418,0.4129849772826973,3.1551357182579935,0.6715437412621617,4.293212008081351,0.30800366067306023,2.369111111111111,0.29999999999999993,592.2777777777778,2.854330708661417,254.0,1694.0
8.735767744125319,0.128212466306525,21.839419360313297,0.2174480435191407,24.753663782037915,0.12525694519954744,2.1983703703703705,0.3,549.5925925925926,2.5,44.0,4104.0
1.8698256158832849,0.1215739441830161,4.98068593257406,0.21002591167154333,6.34375259777356,0.2419028667269291,2.282185185185185,0.3,570.5462962962963,2.663716814159292,113.0,2938.0
6.246827067344079,0.2091516398798396,15.31480184252097,0.3493871688522398,16.912919258283107,0.09925798161949359,2.231703703703704,0.30000000000000004,557.925925925926,2.4516129032258065,62.0,3645.0
4.42993310157422,0.03369635024114772,10.057145419790121,0.058378075178579646,9.750478304236706,0.030967028266029224,2.200555555555556,0.3,550.1388888888889,2.27027027027027,37.0,4078.0
2.1504188705119587,0.1338743232616413,5.636178491261182,0.22742350726806312,7.359065343446462,0.2667266699145661,2.268740740740741,0.3,567.1851851851852,2.620967741935484,124.0,3114.0
1.774982090456973,0.027645083478289312,4.230373982255786,0.04786903632297002,5.1945217993589425,0.20531416911190442,2.231777777777778,0.3,557.9444444444445,2.3833333333333333,60.0,3645.0
6.56642819637296,0.19536844900318984,15.800467847522434,0.33188768643111327,18.36992093147177,0.15067504480017785,2.2212592592592593,0.3,555.3148148148148,2.40625,96.0,3769.0
0.5155742889091043,0.05909170697590753,1.3500605091021907,0.1014257131090543,1.7233222461802737,0.2441045532773739,2.2856296296296295,0.3,571.4074074074074,2.618556701030928,194.0,2851.0
2.257213939115591,0.5335886624131423,6.343056892198243,0.8466839096599893,8.445899763465434,0.2863202766113503,2.324259259259259,0.30000000000000004,581.0648148148148,2.810126582278481,237.0,2308.0
1.2197174951143763,0.06232026547868935,3.208626203363945,0.1076929658580061,4.081006629173715,0.24050080931671358,2.2505555555555556,0.30000000000000004,562.6388888888889,2.630630630630631,111.0,3366.0
5.473985023295986,0.04499450432221944,12.31646630241597,0.0789153020457564,13.014480292391601,0.05512551535534055,2.2295555555555557,0.29999999999999993,557.3888888888889,2.25,28.0,3691.0
3.9796047155647627,0.021892407508116246,8.782575924004993,0.038201149565318455,9.020675846621929,0.026749508791090098,2.221,0.3,555.25,2.206896551724138,29.0,3806.0
1.621852627671282,0.01858080180998231,4.01039922478717,0.032527897850268446,4.625838961027033,0.1427669578262518,2.212555555555556,0.3,553.1388888888889,2.4727272727272727,55.0,3907.0
1.095448661156015,0.14279353991908292,2.8808484127638847,0.23697441636547245,3.772803952440363,0.26973364044432974,2.2905555555555557,0.3,572.6388888888889,2.6298342541436464,181.0,2791.0
0.5876977875859904,0.04126453027088461,1.5657948197826745,0.07048917555621044,1.9923783963955597,0.2409355320182089,2.2705925925925925,0.29999999999999993,567.6481481481482,2.664285714285714,140.0,3081.0
9.584161406253305,0.021837067519662978,21.782185014212057,0.03796481416164048,18.266003999741585,0.1760508072797879,2.1941851851851855,0.3,548.5462962962963,2.272727272727273,11.0,4177.0
5.625371246243045,0.09987871089147235,14.580043842303402,0.17016036855693983,17.991155217806924,0.2102265267498386,2.189814814814815,0.30000000000000004,547.4537037037037,2.5918367346938775,49.0,4217.0
1.968167831135433,0.01738337538915698,4.772806990503424,0.030070116216984605,5.3175448912636165,0.10807711079939046,2.212740740740741,0.3,553.1851851851852,2.425,40.0,3912.0
2.2659931464557412,0.07563415714379211,5.8019384958701945,0.12755842904022352,6.927362730856353,0.17728709731507014,2.228703703703704,0.30000000000000004,557.175925925926,2.5604395604395602,91.0,3671.0
0.5204962764071942,0.04232781163434242,1.360595529555648,0.07083533693548509,1.7006798626594464,0.22310559704569738,2.283740740740741,0.3,570.9351851851852,2.6140350877192984,171.0,2888.0
4.791416915818194,0.2647796096911152,12.941765277776977,0.4451465988917598,16.40291342775799,0.236999267088212,2.264703703703704,0.3,566.175925925926,2.7010309278350517,97.0,3182.0
4.891094413296203,0.10185811549835302,12.538987495904811,0.17530073643487804,14.626041893401323,0.15396084116327713,2.232851851851852,0.3,558.2129629629629,2.5636363636363635,55.0,3633.0
1.8596768496759888,0.023272999398969686,4.426030902228853,0.04091640747375328,4.953690231488221,0.11262957656210168,2.2099259259259263,0.3,552.4814814814815,2.38,50.0,3945.0
9.983528373634341,0.04799826450752393,23.29489953848013,0.0813097564528563,24.946171792756285,0.068485942584279,2.226296296296296,0.3,556.574074074074,2.3333333333333335,24.0,3737.0
0.6648185860921798,0.3377358827142054,1.9143003259108156,0.5516958431401839,2.641967747013313,0.3221718074226262,2.392962962962963,0.30000000000000004,598.2407407407408,2.879432624113475,282.0,1358.0
4.652157762891742,0.02703750670804513,10.805011578329207,0.046414409352045036,11.265088499940747,0.0416983685101361,2.1915925925925928,0.30000000000000004,547.8981481481482,2.3225806451612905,31.0,4202.0
2.4335785611994614,0.11435660531902433,6.223577959788787,0.19678367193630458,7.557515988132071,0.19419758714134025,2.226814814814815,0.3,556.7037037037037,2.557377049180328,122.0,3681.0
0.9208408633571412,0.07173251299157073,2.4648071229709947,0.12244643360255712,3.1670515674505273,0.25068749199400464,2.286037037037037,0.3,571.5092592592592,2.6766917293233083,133.0,2876.0
0.47614399871958174,0.3249633271756879,1.3826489193587854,0.5339521054468017,1.8771965526965204,0.30577830247751236,2.409037037037037,0.3,602.2592592592592,2.9038461538461537,312.0,1126.0
0.6248940446470218,0.06534502621100965,1.7014778063486846,0.11262120581097171,2.1583856159097725,0.2378633709178575,2.291777777777778,0.3,572.9444444444445,2.722826086956522,184.0,2773.0
4.225267788817876,0.1447533426769359,10.45197821444422,0.2485417827199007,13.356818383928152,0.24523573151900785,2.2287777777777777,0.29999999999999993,557.1944444444445,2.473684210526316,95.0,3668.0
5.136513065392201,0.049037716168222285,11.396638363838946,0.0839588240889185,12.503320021640791,0.092675779223942,2.2289629629629633,0.30000000000000004,557.2407407407408,2.21875,32.0,3697.0
1.760357408487154,0.021143733321155676,3.9432005950112257,0.03676728898009357,4.702488778789257,0.17609916866327874,2.2234814814814814,0.3,555.8703703703703,2.24,50.0,3762.0
6.139303415625798,0.4924128657547971,15.863960025977061,0.8048977146875304,19.04335976354891,0.1826686005462617,2.257962962962963,0.3,564.4907407407408,2.584,125.0,3259.0
0.4956887034889302,0.06987549490506599,1.363143934594558,0.11905064603337313,1.725497722002482,0.2357217949038511,2.314074074074074,0.29999999999999993,578.5185185185185,2.75,196.0,2466.0
8.615946376514433,0.03751240652806454,15.87148016726343,0.06507354334898453,14.303714137579462,0.10400456500511748,2.2021111111111114,0.3,550.5277777777778,1.8421052631578947,19.0,4066.0
2.7717763096806167,0.02009206725204308,5.918116985534289,0.03455987926286393,6.069708114272874,0.02529219577356651,2.2204074074074076,0.3,555.1018518518518,2.135135135135135,37.0,3810.0
0.8980482153708853,0.06028293855636515,2.4017568550616697,0.10332552085482853,3.0044134304299863,0.22388185857520174,2.2935925925925926,0.3,573.3981481481482,2.6744186046511627,129.0,2776.0
2.2502551043750882,0.07841508483508808,5.794406893765853,0.13342528878972532,7.138618673523874,0.20862617091590585,2.2351851851851854,0.30000000000000004,558.7962962962963,2.575,80.0,3589.0
2.4800764389586356,0.17245842687034696,6.613537170556361,0.2876035705135925,8.43914559123163,0.2437624353426742,2.2683333333333335,0.29999999999999993,567.0833333333334,2.6666666666666665,135.0,3114.0
5.601781341753745,0.26823761182543976,15.09532656304167,0.44699518105084696,19.110823161208163,0.23586963543781547,2.2367777777777778,0.3,559.1944444444445,2.694736842105263,95.0,3560.0
3.03414063802621,0.07410289694310702,7.771658476347836,0.12674186893358283,9.065379696550146,0.15397914160263731,2.242925925925926,0.30000000000000004,560.7314814814815,2.56140350877193,57.0,3496.0
7.61108317835538,0.09199413135794748,16.85311275207263,0.1603444531948893,17.98956295582004,0.0652563811405983,2.208814814814815,0.3000000000000001,552.2037037037037,2.2142857142857144,42.0,3964.0
5.8386677060384695,0.012988195731335845,14.110113622926301,0.022843798430647096,14.626129867673205,0.03591782755834848,2.216740740740741,0.3,554.1851851851852,2.4166666666666665,12.0,3872.0
1.5151002841966483,0.06482775845954418,4.051616490323621,0.11075711705921627,5.05896135034096,0.22204526059910443,2.260037037037037,0.29999999999999993,565.0092592592592,2.6741573033707864,89.0,3249.0
1.3037539685427693,0.07840841602226657,3.4351082823344266,0.13307850204767768,4.454639418039131,0.2598976705163741,2.257296296296296,0.29999999999999993,564.324074074074,2.634782608695652,115.0,3273.0
2.587081682460184,0.12361047525702644,6.534039633905849,0.21155817665355006,7.8058900642829965,0.17785320621432715,2.2431851851851854,0.3000000000000001,560.7962962962963,2.5256410256410255,78.0,3482.0
15.557081297672882,0.016001379059846558,25.558062131891162,0.027648658508673794,18.161599351552102,0.3416433708843401,2.2018518518518517,0.29999999999999993,550.4629629629629,1.6428571428571428,14.0,4072.0
3.577824890215923,0.11086116644060742,9.214124374802651,0.18948680666020626,11.364082709581675,0.20972017729396356,2.2343333333333337,0.30000000000000004,558.5833333333334,2.5753424657534247,73.0,3604.0
2.1305077368462024,0.022634525191174003,4.953430488167421,0.039424703802001984,5.232439667006256,0.054797280377696,2.202074074074074,0.3000000000000001,550.5185185185185,2.325,40.0,4056.0
1.4022035914035798,0.01573648397495052,3.2964084429487666,0.027574653683609777,3.6877989766052206,0.11219627161343781,2.220703703703704,0.30000000000000004,555.175925925926,2.3508771929824563,57.0,3796.0
1.8808876062841515,0.014143932075740493,3.970762724377653,0.024754750991065777,4.1018238422696,0.03247351612090683,2.224814814814815,0.3,556.2037037037037,2.111111111111111,36.0,3751.0
0.3696767957257481,0.24611367650011934,1.062122757508116,0.4134512488499621,1.4608226880975657,0.3187302550069503,2.4132962962962963,0.3,603.324074074074,2.8731117824773413,331.0,1059.0
1.5697171625928281,0.06891140803472062,4.004979302690113,0.12013973801629826,4.813479300315369,0.18388175724771288,2.2484814814814813,0.3,562.1203703703703,2.5514018691588785,107.0,3396.0
2.9146025834720444,0.08083456483039451,6.875472761010976,0.1398346884070135,8.199544192900328,0.17611816006719372,2.2,0.30000000000000004,550.0,2.358974358974359,78.0,4065.0
0.4030185023447048,0.5582395665147685,1.1707639628683468,0.8679612596636138,1.6217188394218738,0.32583010331695317,2.437740740740741,0.30000000000000004,609.4351851851852,2.9049881235154396,421.0,684.0
1.7533536104352263,0.18888954366336028,4.66856804706247,0.30843344957523,5.757247821548597,0.2096071551390941,2.2763703703703704,0.30000000000000004,569.0925925925926,2.6626506024096384,166.0,2990.0
2.9939667281172846,0.1011040585905402,7.582123532245071,0.17375967536295783,9.798575495600728,0.25644370772685215,2.2531481481481483,0.30000000000000004,563.2870370370371,2.5324675324675323,77.0,3348.0
0.7023487109385338,0.0391380287103467,1.809250279377663,0.06787411047943323,2.247808458976274,0.21704317413918406,2.2673703703703705,0.3,566.8425925925926,2.576,125.0,3132.0
0.4870894682543462,0.022904995301480113,1.2811680971731962,0.039645968138506384,1.6411231948135392,0.24760864459879264,2.2754444444444446,0.3,568.8611111111111,2.630252100840336,119.0,3026.0
0.7244391561984114,0.03845575790329326,1.8628435445102007,0.06568873618255242,2.2446858124289575,0.18646145378959628,2.2523703703703704,0.3000000000000001,563.0925925925926,2.5714285714285716,112.0,3341.0
1.0658650070816271,0.091774677411011,2.861006071640157,0.15857757719427426,3.6362020935924404,0.2397664197919061,2.2918518518518516,0.3,572.9629629629629,2.6842105263157894,152.0,2788.0
1.1015157350055675,0.03770357532489317,2.7392957094217403,0.06618637659493021,3.254836191002627,0.1724411020469396,2.2493333333333334,0.30000000000000004,562.3333333333334,2.486842105263158,76.0,3400.0
9.679704988775482,0.09858278453788266,24.02000867585027,0.16663397312070716,26.10819371241295,0.08336202255821215,2.204925925925926,0.30000000000000004,551.2314814814815,2.4814814814814814,27.0,4024.0
4.306382108216009,0.6239675714548534,11.208956300811046,0.9917107048204263,13.965780989714299,0.21989699417413164,2.2726296296296296,0.3,568.1574074074074,2.602870813397129,209.0,3019.0
1.9371629840605027,0.06459235930014372,4.842907460151257,0.109924572956757,5.717411057474342,0.16600083532331789,2.231925925925926,0.3,557.9814814814815,2.5,84.0,3631.0
1.9139232289363124,0.02763218695849631,4.642281874441268,0.04826050414539491,5.406813829970238,0.15245394987167224,2.2184074074074074,0.30000000000000004,554.6018518518518,2.425531914893617,47.0,3832.0
2.2211171911563135,0.1438498559682669,5.870095433770257,0.2458262085564318,7.13952834334308,0.19577582422388867,2.2609629629629633,0.3,565.2407407407408,2.642857142857143,112.0,3225.0
2.9912442108341986,0.08880056936924124,7.546093350059001,0.15004062305086313,8.669141994003477,0.13873983100007684,2.218518518518519,0.3,554.6296296296297,2.522727272727273,88.0,3810.0
0.7812803345955273,0.057514663367689234,2.0351092586641557,0.09882901165133955,2.4822016189369807,0.19859640871708917,2.2781481481481483,0.3,569.5370370370371,2.6048387096774195,124.0,2987.0
3.726506628770056,0.01772356204753426,7.904711030724361,0.031066884592598584,8.310125587012395,0.05001580677017736,2.1937407407407408,0.3,548.4351851851852,2.121212121212121,33.0,4172.0
3.7253780226156645,0.5056572584270159,10.193616787157149,0.8244267817441967,13.083917402458557,0.24962207757824675,2.2943703703703706,0.3,573.5925925925926,2.7362637362637363,182.0,2739.0
0.7001768148766528,0.105695671635901,1.8728030339661927,0.17823501015803467,2.447645611564705,0.26769033044333673,2.3074814814814815,0.3,576.8703703703703,2.674757281553398,206.0,2550.0
2.457640748794549,0.5721574922225244,6.720895108948358,0.9037390991221932,8.659011482645635,0.25337922215752734,2.321074074074074,0.29999999999999993,580.2685185185185,2.7346938775510203,245.0,2347.0
10.44715348508768,0.01985450015804805,21.348531034744394,0.034490149242916414,21.344923012821404,0.00016901991239974792,2.1934444444444443,0.29999999999999993,548.3611111111111,2.0434782608695654,23.0,4181.0
0.8648293540614079,0.1499500576283336,2.369708626547118,0.2525046928269222,3.0478151502346607,0.25165798453304783,2.316703703703704,0.3,579.175925925926,2.7400881057268722,227.0,2415.0
3.259874126748315,0.32550032534971096,8.74053750234392,0.544670437259516,11.25401258676521,0.2527530525359048,2.261703703703704,0.3,565.425925925926,2.68125,160.0,3191.0
3.1129235001120095,0.018909265342578963,6.9287652099267305,0.032989398621777064,7.499766237989828,0.07919023484845336,2.197518518518519,0.30000000000000004,549.3796296296297,2.225806451612903,31.0,4122.0
2.319408653993265,0.5886150871222273,6.316447839272921,0.9028432076605991,8.103318301644304,0.2491166452564192,2.3482962962962963,0.3,587.074074074074,2.7233009708737863,206.0,1999.0
10.050807118454525,0.033602044719606025,22.046931743706697,0.05757165717682642,21.712853247442634,0.015269041518180477,2.1988518518518516,0.30000000000000004,549.7129629629629,2.193548387096774,31.0,4104.0
7.287411005727991,0.014354811752051892,12.297506072165985,0.02476173659791877,9.652326059160009,0.2421975547547839,2.2081481481481484,0.3,552.0370370370371,1.6875,16.0,3986.0
0.43989237999490194,0.013136650869797683,1.18579685042104,0.022933845094977968,1.531493645527929,0.2558285018919942,2.2781481481481483,0.3,569.5370370370371,2.6956521739130435,92.0,3003.0
1.8961150019534436,0.5928929650851056,5.322428075658789,0.9462868879688902,7.092732693552658,0.28714109112785324,2.3631111111111114,0.3,590.7777777777778,2.807017543859649,228.0,1788.0
11.16317285970563,0.10996914928168369,25.37084740842189,0.186025763768832,31.169674385746543,0.2058448722849722,2.1933703703703706,0.3,548.3425925925926,2.272727272727273,33.0,4177.0
5.218559452637151,0.42103999831079064,13.798224993413484,0.6928165126994769,17.44860025467198,0.2347194705743559,2.2764444444444445,0.3,569.1111111111111,2.6440677966101696,118.0,3013.0
9.447854280251647,0.3243080535681142,23.49196199413923,0.5455373209226336,27.1078224166061,0.1431640164559619,2.213777777777778,0.29999999999999993,553.4444444444445,2.4864864864864864,74.0,3881.0
0.5884272070010333,0.21844155267095322,1.6836137880029567,0.36653587466430626,2.2741770334349543,0.3006756959366312,2.3785555555555558,0.3,594.6388888888889,2.8612099644128115,281.0,1553.0
4.360877598517985,0.06757081737539344,11.174748846202336,0.1161063853828111,13.003069738085028,0.15152879765090296,2.238518518518519,0.3,559.6296296296297,2.5625,32.0,3568.0
2.0774217884394375,0.012867558872849263,5.004697944876827,0.022813774925151246,5.923342911788023,0.16852391029679245,2.190296296296296,0.3,547.574074074074,2.409090909090909,44.0,4213.0
3.553844485655832,0.29728594531680363,8.959271812577729,0.4954745858878262,11.191636458186744,0.22247780177699752,2.2606296296296295,0.30000000000000004,565.1574074074074,2.5210084033613445,119.0,3226.0
1.6997132062826963,0.08617883688258794,4.249283015706741,0.14638520325693982,4.874175566693254,0.13720070910601448,2.2736296296296294,0.29999999999999993,568.4074074074074,2.5,86.0,3067.0
0.7833622358903447,0.20110843614655197,2.1511861399645014,0.33559248693202726,2.8407512761269302,0.2780491680180381,2.341111111111111,0.29999999999999993,585.2777777777778,2.74609375,256.0,2071.0
3.4285380659692186,0.12118578857947324,9.094648343413084,0.2031416146982589,10.993322273853305,0.18960187604866205,2.234037037037037,0.30000000000000004,558.5092592592592,2.6526315789473682,95.0,3597.0
1.153366455848801,0.013646792064621393,2.846210770078493,0.023882917890950095,3.583769150577301,0.2304265266464219,2.2234814814814814,0.30000000000000004,555.8703703703703,2.467741935483871,62.0,3756.0
0.48772435944373377,0.057350863412752376,1.3221443478896397,0.09711956897398237,1.7080809774121273,0.25611558041262594,2.3062222222222224,0.30000000000000004,576.5555555555555,2.710843373493976,166.0,2587.0
0.9071772333409107,0.13655855006340312,2.467950662356572,0.22742754722602548,3.1664988008836965,0.2492383833841405,2.280740740740741,0.29999999999999993,570.1851851851852,2.720472440944882,254.0,2887.0
2.000996404462829,0.06960155807010342,4.893741206566701,0.1174722670092629,5.940337665832999,0.19380889397349538,2.2402962962962962,0.3,560.074074074074,2.4456521739130435,92.0,3514.0
0.8311666455812731,0.05315639673016826,2.0918623630401165,0.09128618491970221,2.6053701759683023,0.21952001521648817,2.257,0.30000000000000004,564.25,2.5167785234899327,149.0,3260.0
16.715965571430424,0.019147687067233143,27.163444053574437,0.0329070808625658,15.033874500592406,0.5915661457328143,2.18,0.3,545.0,1.625,24.0,4362.0
6.860141157867381,0.016996432593496227,11.81468754966049,0.029794697060482725,7.222674293647234,0.49211817995820567,2.1971111111111115,0.3,549.2777777777778,1.7222222222222223,18.0,4134.0
0.7956317986901837,0.21802728897206236,2.2227174058646404,0.3614579053323831,2.9774856363156545,0.29234869412698045,2.352592592592593,0.30000000000000004,588.1481481481482,2.7936507936507935,252.0,1918.0
13.405800182374184,0.050456699137239075,26.81160036474837,0.0867652953318318,25.78399830181985,0.03908056464407529,2.209777777777778,0.3,552.4444444444445,2.0,28.0,3958.0
2.5282014844172354,0.03151189404540687,6.010441264840974,0.05413061656210197,6.805273093055855,0.12419959891102508,2.2265555555555556,0.30000000000000004,556.6388888888889,2.3773584905660377,53.0,3719.0
1.950707875804519,0.025729433513304,4.520688093134282,0.04498039195829873,5.621907256619829,0.21800676058591842,2.2196666666666665,0.3,554.9166666666666,2.3174603174603177,63.0,3807.0
0.7962210766651018,0.023567724939154107,2.0303637454960093,0.04066228368340996,2.4316483749204125,0.18035440899469618,2.263037037037037,0.3,565.7592592592592,2.55,100.0,3203.0
0.5381074861460872,0.289984503966654,1.532111592499276,0.4451231905923342,2.1142270790626423,0.32204238873182817,2.3915555555555557,0.30000000000000004,597.8888888888889,2.8472222222222223,288.0,1374.0
4.37740350178041,0.021361749164091906,9.712364019575285,0.03608512306124157,10.313770332309408,0.06008021277617197,2.206888888888889,0.30000000000000004,551.7222222222222,2.21875,32.0,3995.0
11.467589170950125,0.08315179002812745,26.889519435331326,0.14189855261591885,28.401920695672178,0.05472017438982449,2.1892222222222224,0.3,547.3055555555555,2.3448275862068964,29.0,4235.0
3.340860147392481,0.48651907089689617,8.742748445415149,0.7709778563242076,10.856709902539452,0.21655870536648444,2.296111111111111,0.29999999999999993,574.0277777777778,2.616915422885572,201.0,2706.0
0.5341509630740421,0.013545808545841392,1.398218697458522,0.024072051794881304,1.7408214495047665,0.2191580317129523,2.2638518518518516,0.3,565.9629629629629,2.6176470588235294,102.0,3191.0
1.9142712076392407,0.3803284861743165,5.409043258508829,0.6225266224524979,7.253069723414504,0.29335255901684687,2.335888888888889,0.3,583.9722222222222,2.825641025641026,195.0,2172.0
6.665288175482535,0.021495372770906344,15.435404195854291,0.036916570497373985,18.108247964506393,0.1597036785445435,2.202259259259259,0.3,550.5648148148148,2.3157894736842106,19.0,4064.0
10.30762311907868,0.26909430821089814,26.221146530989625,0.44917033550195684,27.033767927968128,0.03052054384971502,2.2153703703703704,0.3,553.8425925925926,2.543859649122807,57.0,3868.0
8.494697071507717,0.26492393333903436,21.708670293853054,0.4496586654825629,26.75419180132654,0.2089794304601279,2.2213333333333334,0.3,555.3333333333334,2.5555555555555554,72.0,3780.0
4.31997419954499,0.08155881993536981,10.38632094784221,0.14140552151557173,12.103130324920834,0.1529744767704406,2.221740740740741,0.3,555.4351851851852,2.404255319148936,47.0,3787.0
2.1869547072205555,0.0636889576657091,5.503435472016562,0.10958655372319802,6.518995227883753,0.16934772939694293,2.235740740740741,0.3,558.9351851851852,2.5164835164835164,91.0,3576.0
1.4593998227763898,0.011736586229316824,3.433881935944447,0.020755479801486558,4.174565753267368,0.19531896072867871,2.2056666666666667,0.3,551.4166666666666,2.3529411764705883,51.0,4002.0
0.6088256732962197,0.059267439524730854,1.6594848352131246,0.10208821987795785,2.16069596150394,0.26392316022945655,2.290185185185185,0.29999999999999993,572.5462962962963,2.7257142857142855,175.0,2799.0
1.047261449670963,0.6423985523900658,2.984527837400955,0.9958924552600634,4.089740187682215,0.3150398883350108,2.404259259259259,0.30000000000000004,601.0648148148148,2.8498402555910545,313.0,1190.0
1.4588794671768042,0.1185777961390902,3.8370528451773476,0.19980729425609742,4.65107165827594,0.1923930734971527,2.2576296296296294,0.29999999999999993,564.4074074074074,2.6301369863013697,146.0,3253.0
1.5081248037081698,0.034576708448438125,4.039620009932597,0.06013369626188682,5.1927749549349915,0.25111759708673487,2.254,0.3,563.5,2.6785714285714284,56.0,3347.0
6.05359151015228,0.04365856669067136,13.62058089784263,0.07579724253416639,13.39496379815297,0.01670314981332141,2.18162962962963,0.29999999999999993,545.4074074074074,2.25,28.0,4338.0
5.518044423185552,0.014467626403223074,11.725844399269299,0.02522952509181289,9.60536620474988,0.19947340677019293,2.2114074074074073,0.3,552.8518518518518,2.125,24.0,3938.0
2.4328448396508593,0.06109883647991526,5.883061157701168,0.105468327448827,6.718651236000881,0.13281019396792573,2.248037037037037,0.3,562.0092592592592,2.418181818181818,55.0,3428.0
12.784241636778425,0.09189920529416337,29.221123741207826,0.15654388746282402,29.8280636931479,0.020557821496912727,2.183925925925926,0.3,545.9814814814815,2.2857142857142856,28.0,4307.0
2.7216475557875754,0.30567494302002024,7.415267292714651,0.5131722981905443,9.458939060834206,0.24341920424905933,2.294703703703704,0.3,573.675925925926,2.7245508982035926,167.0,2742.0
2.2003258764411306,0.358657475702169,5.8742644958199,0.5885813216062719,7.525034652953606,0.2476545556758479,2.2907407407407407,0.29999999999999993,572.6851851851852,2.669724770642202,218.0,2770.0
2.2624383786102005,0.20535238451313964,5.95052285881039,0.3458221376287021,7.670889141875169,0.25395344215857313,2.2785925925925925,0.3,569.6481481481482,2.6301369863013697,146.0,2970.0
1.997289733017691,0.2427462895297737,5.311473795497596,0.40345973396933116,6.784697019236608,0.24480029010772958,2.2862222222222224,0.3,571.5555555555555,2.659340659340659,182.0,2849.0
1.8253209273120456,0.012812412383696403,4.106972086452103,0.022213205897183026,4.370843664882201,0.06227001042675953,2.2088888888888887,0.30000000000000004,552.2222222222222,2.25,40.0,3964.0
7.18560150795343,0.012706293806756514,14.37120301590686,0.021931673649577724,11.435239715736513,0.22852662317886585,2.2198148148148147,0.3,554.9537037037037,2.0,17.0,3828.0
0.9017512983933524,0.47897484451535816,2.5592316678834064,0.7816485994594423,3.4851524284769977,0.3088046979894064,2.379185185185185,0.30000000000000004,594.7962962962963,2.8380681818181817,352.0,1509.0
1.4692160005554706,0.4963951342603412,4.108824408333096,0.8042904661917688,5.505921849517752,0.2926872573676889,2.3581111111111115,0.3,589.5277777777778,2.7966101694915255,295.0,1822.0
0.38753991460623277,0.12397750724582418,1.1070086349962793,0.21477294539212957,1.46618124094559,0.28099977133615267,2.386703703703704,0.30000000000000004,596.675925925926,2.8565022421524664,223.0,1472.0
